partitions,training_time_sec
50,112.98563170433044
100,112.93184995651245
200,116.56073832511902
