data_fraction,training_time_sec
0.3,116.61101579666138
0.6,183.28251814842224
0.1,55.613616704940796
